id,created_iso,subreddit,title,author,score,num_comments,link_flair_text,over_18,is_self,month
17zjlo3,2023-11-20 08:06:41+00:00,frugalfemalefashion,Madewell 50% off sitewide with code EXCLUSIVE,phaeadra,117,36,Sale/Deal,False,True,2023-11
17mxwsk,2023-11-03 15:41:43+00:00,frugalfemalefashion,Vans Extra 30% off Sale,rocketdoggies,74,11,Sale/Deal,False,True,2023-11
17wfw53,2023-11-16 06:13:24+00:00,frugalfemalefashion,Madewell - 40% off everything (50% off select styles),cli99,65,28,Sale/Deal,False,True,2023-11
17yf5xb,2023-11-18 20:26:59+00:00,frugalfemalefashion,Favorite Daughter $99 Denim Sale,softening,58,9,Sale/Deal,False,True,2023-11
1853r0v,2023-11-27 14:07:26+00:00,frugalfemalefashion,32 Degrees - 75 - 80% off EVERYTHING,Rude_Chipmunk_7469,51,15,Sale/Deal,False,True,2023-11
18985fv,2023-12-02 17:09:27+00:00,frugalfemalefashion,How do I stop spending too much money on clothes?,Effective_Cricket810,436,156,Discussion,False,True,2023-12
18if6mg,2023-12-14 18:29:38+00:00,frugalfemalefashion,J. Crew 70% off of 3+ sale items with code SHOPSALE,teaspoonmoon,187,33,Sale/Deal,False,True,2023-12
18a9mfc,2023-12-04 02:03:11+00:00,frugalfemalefashion,Free People Spend $150 get $100 towards a future purchase,,80,49,SALE EXPIRED,False,False,2023-12
18bh8uj,2023-12-05 17:28:23+00:00,frugalfemalefashion,GAP sale - $30 dresses and $13 long sleeve tees,Gairsan,63,4,Sale/Deal,False,True,2023-12
18icdai,2023-12-14 16:26:37+00:00,frugalfemalefashion,KOTN comfies on sale,Suckiebb,54,14,Sale/Deal,False,True,2023-12
196s3s0,2024-01-14 22:22:34+00:00,frugalfemalefashion,Patagonia Winter Sale up to 40% off,,122,3,Sale/Deal,False,True,2024-01
1aef4xs,2024-01-30 03:49:59+00:00,frugalfemalefashion,American Eagle 60% off Clearance,tenika337,107,5,Sale/Deal,False,True,2024-01
18xkfcm,2024-01-03 14:17:32+00:00,frugalfemalefashion,Anthropologie extra 50 off sale,No_Algae_9696,84,29,Sale/Deal,False,False,2024-01
192pzpa,2024-01-09 21:20:38+00:00,frugalfemalefashion,J.Crew Extra 70% Off Sale with code: SHOPSALE + Honey Cashback,Free-Philosopher-772,77,8,Sale/Deal,False,True,2024-01
18w2eer,2024-01-01 18:04:23+00:00,frugalfemalefashion,Girlfriend Collective Warehouse Sale: 30-70% off,sagegreenmint12,69,22,SALE EXPIRED,False,False,2024-01
1b2pmqj,2024-02-29 02:55:11+00:00,frugalfemalefashion,Aerie 5 for $10 undies,Front-Cauliflower606,500,53,Sale/Deal,False,True,2024-02
1asn0ia,2024-02-16 23:29:01+00:00,frugalfemalefashion,Abercrombie tip,essential_luxury,451,44,Sale/Deal,False,True,2024-02
1ap6083,2024-02-12 17:49:00+00:00,frugalfemalefashion,Costco in-store - $17 Hunter Original Tall Rain Boots,joe7L,370,40,Sale/Deal,False,True,2024-02
1al5x3a,2024-02-07 15:46:15+00:00,frugalfemalefashion,5 for $15 Target underwear deal,Remote_County,340,12,Sale/Deal,False,True,2024-02
1at91c4,2024-02-17 18:45:45+00:00,frugalfemalefashion,Lane Bryant extra 60% off 1 pair of 70% off 2 pairs of shoes,havealittlesalami,335,23,Sale/Deal,False,False,2024-02
1bbwytg,2024-03-11 06:48:59+00:00,frugalfemalefashion,Madewell 25% off sitewide with code FIRSTDIBS (not advertised on their site),phaeadra,206,22,Sale/Deal,False,True,2024-03
1bgwuo4,2024-03-17 12:54:59+00:00,frugalfemalefashion,Old Navy - 50% off everything sale (1-day only),hrhashley,144,45,Sale/Deal,False,True,2024-03
1bjpkra,2024-03-20 21:52:30+00:00,frugalfemalefashion,"32 Degrees, everything under $20",scruffydoggo,137,42,Sale/Deal,False,True,2024-03
1brljpo,2024-03-30 16:13:42+00:00,frugalfemalefashion,Anthropologie Extra 50% off Sale,tenika337,110,8,Sale/Deal,False,True,2024-03
1bk4qaf,2024-03-21 11:52:21+00:00,frugalfemalefashion,VS sale - 20$ Wear Everywhere style bras,onlythebestformia,86,17,Sale/Deal,False,True,2024-03
1c5n4ej,2024-04-16 18:15:15+00:00,frugalfemalefashion,A reminder to those of us with small feet,AMarie-MCMXCI,166,29,Fashion Advice,False,True,2024-04
1cgxq9s,2024-04-30 16:54:20+00:00,frugalfemalefashion,"Gap 50% off everything, including items already on sale, no code required",hersaffroneyeballs,67,6,Sale/Deal,False,True,2024-04
1ckqrhl,2024-05-05 13:01:39+00:00,frugalfemalefashion,J crew factory: Extra 70% off sale items with code SUMMER70,perkystep,52,15,Sale/Deal,False,True,2024-05
1ddrqjd,2024-06-11 22:58:19+00:00,frugalfemalefashion,Express Bankruptcy Sale In-store: 60% off ,caiuscassiuss,74,7,Sale/Deal,False,True,2024-06
1e4t34m,2024-07-16 16:30:44+00:00,frugalfemalefashion," Hint: Right Now (""Summer Slowdown"") Is The Time to Get Great Deals on Resale Sites ",hagne,134,2,Sale/Deal,False,True,2024-07
1egj1pl,2024-07-31 09:43:18+00:00,frugalfemalefashion,House of CB 3 for $240 sale,poisonousdartfrog,102,43,Sale/Deal,False,True,2024-07
1dvxrqu,2024-07-05 13:17:03+00:00,frugalfemalefashion,Nordstrom: House of CB items up to 90% off!,analslapchop,97,23,Sale/Deal,False,False,2024-07
1dvmglw,2024-07-05 01:30:08+00:00,frugalfemalefashion,"Victoria's secret panties 10 for $35
",flyballa,73,12,Sale/Deal,False,True,2024-07
1efl4uo,2024-07-30 05:07:37+00:00,frugalfemalefashion,Gap outlet has extra 55% off clearance,Cashcash1998,65,3,Sale/Deal,False,True,2024-07
1f524f2,2024-08-30 18:15:44+00:00,frugalfemalefashion,JCrew- 60% off sale prices! ,AmyHerself,357,35,Sale/Deal,False,False,2024-08
1et9tch,2024-08-15 23:27:06+00:00,frugalfemalefashion,"Frugal fashion, but with high-quality brands...why don't more people do this?",anonykitcat,265,332,Fashion Advice,False,True,2024-08
1f1rjti,2024-08-26 15:50:41+00:00,frugalfemalefashion,Reformation Sale Dropped to 70% Off,inamorate,216,55,Sale/Deal,False,True,2024-08
1exvaiv,2024-08-21 17:15:44+00:00,frugalfemalefashion,Reformation Sale is Now 50% Off,inamorate,150,21,Sale/Deal,False,True,2024-08
1f1tkvn,2024-08-26 17:12:45+00:00,frugalfemalefashion,Hey Gals! Abercrombie Essential Oversized Cargo Sunday Sweatpant $24.64,AceOBlade,143,6,Sale/Deal,False,True,2024-08
1ffcs53,2024-09-12 20:38:14+00:00,frugalfemalefashion,50% off Bombas Socks ,KristinSaysGah,206,57,Sale/Deal,False,True,2024-09
1fonqde,2024-09-24 21:20:15+00:00,frugalfemalefashion,How do I stop impulse buying?,dyingfrom9to5,184,93,Discussion,False,True,2024-09
1frtryg,2024-09-29 01:56:46+00:00,frugalfemalefashion,22% Cash Back at Lululemon (back again!),purple-fish4,92,12,Sale/Deal,False,True,2024-09
1famlg5,2024-09-06 18:41:29+00:00,frugalfemalefashion,Free Kohl’s Cash Sep 6-8,amsmtf,84,14,Sale/Deal,False,True,2024-09
1fc5nqo,2024-09-08 19:12:47+00:00,frugalfemalefashion,Versace bag for cheap(ish)!,kurvydoll,79,17,Sale/Deal,False,False,2024-09
1gezud6,2024-10-29 17:11:23+00:00,frugalfemalefashion,Tested Stacked Victoria’s Secret Sale Codes - 60% off plus free items!,guaranteedmatch,753,49,Sale/Deal,False,False,2024-10
1gcs2le,2024-10-26 18:52:19+00:00,frugalfemalefashion,Mango outlet having a great 75% off sale,No2buckeyes,377,50,Sale/Deal,False,True,2024-10
1ggi72u,2024-10-31 16:08:49+00:00,frugalfemalefashion,$16 Adidas Shoes with Free Shipping!,guaranteedmatch,297,27,Sale/Deal,False,False,2024-10
1g7wvg1,2024-10-20 11:47:52+00:00,frugalfemalefashion,Old Navy Giftober is here - 50% off everything online only! ,hrhashley,187,19,Sale/Deal,False,False,2024-10
1g2eyll,2024-10-13 01:36:26+00:00,frugalfemalefashion,Madewell additional 40% off sale ,Chooloopacabre,185,24,Sale/Deal,False,False,2024-10
1h3cxp5,2024-11-30 13:48:09+00:00,streetwear,Succulent Chinese Meal,tarachandra_,1733,38,WDYWT,False,False,2024-11
1h1zgck,2024-11-28 16:17:18+00:00,streetwear,[WDYWT] a fit check from Czech Republic ,annadinh97,1647,64,WDYWT,False,False,2024-11
1gzhs0r,2024-11-25 12:32:34+00:00,streetwear,🩰 princess fit 🩰,tarachandra_,867,37,WDYWT,False,False,2024-11
1h1d6eq,2024-11-27 19:50:15+00:00,streetwear,She helped landing the first rocket on the moon and has 🔥 fits,bongoingcat,746,20,INSPO,False,False,2024-11
1h2n9x9,2024-11-29 14:43:15+00:00,streetwear,Happy Holidays,Interesting-Piece612,638,31,MEME,False,False,2024-11
1h1d087,2024-11-27 19:42:53+00:00,frugalfemalefashion,Black Friday “Deals” at Nordstrom,ozbo0712,471,29,Sale/Deal,False,False,2024-11
1grm3vd,2024-11-15 02:29:28+00:00,frugalfemalefashion,Adidas early access Black Friday sale up to 70% off ,qveens,182,18,Sale/Deal,False,True,2024-11
1gp1s9b,2024-11-11 20:10:00+00:00,frugalfemalefashion,Vans extra 41% off sale (11/11),guaranteedmatch,164,9,Sale/Deal,False,False,2024-11
1gmxbsu,2024-11-09 00:16:36+00:00,frugalfemalefashion,Nordstrom Rack Clear the Rack Clearance is additional 25% off. ,val913,164,9,Sale/Deal,False,True,2024-11
1h2dza5,2024-11-29 04:48:37+00:00,frugalfemalefashion,Reminder to check price for adjustments if you bought something recently but it went on sale after!,dontchooseaccounting,156,9,Discussion,False,True,2024-11
1hpqa2p,2024-12-30 15:57:55+00:00,streetwear,feeling sophisticated ,slimjaded,5448,226,WDYWT,False,False,2024-12
1hnz49h,2024-12-28 05:44:18+00:00,femalefashionadvice,Weird Little Outfits: An Inspo Album,Bosquerella,3382,233,,False,False,2024-12
1h7nigm,2024-12-05 23:45:37+00:00,streetwear,"Small sampling of the Best of ""east vancouver"" 2024",mikedi12,2659,58,INSPO,False,False,2024-12
1hg9ut2,2024-12-17 12:46:35+00:00,streetwear,Boiler Room Fit,tarachandra_,2382,49,WDYWT,False,False,2024-12
1hmosun,2024-12-26 13:54:24+00:00,streetwear,Blue and beige ,Vine-fits,1656,83,WDYWT,False,False,2024-12
1h4e3se,2024-12-01 21:30:08+00:00,streetwear,Just a couple chill guys 😌✨ A lil’ outfit dump,Murkle_Man_,1613,83,WDYWT,False,False,2024-12
1hqn2vl,2024-12-31 20:17:58+00:00,femalefashionadvice,Does anyone else regret NOT buying into some micro-trends? ,thebestrosie,832,198,,False,True,2024-12
1hp6lu1,2024-12-29 21:39:06+00:00,femalefashionadvice,Vibe shift: heading towards the end of quiet luxury?!,District98,457,93,,False,True,2024-12
1hjt9rs,2024-12-22 06:52:58+00:00,femalefashionadvice,What's your fashion white whale?,ImpossibleAnger,366,334,,False,True,2024-12
1hnwh5q,2024-12-28 03:12:04+00:00,femalefashionadvice,Are there any fashion brands you love right now because the vibe just feels right?,lofiles_,346,226,,False,True,2024-12
1hijnyn,2024-12-20 13:21:57+00:00,frugalfemalefashion,House of CB up to 90% off at Nordstrom,analslapchop,174,29,Sale/Deal,False,False,2024-12
1hp4zlv,2024-12-29 20:28:12+00:00,frugalfemalefashion,Converse: Extra 50% off sale styles + $10 off $75+ orders with code EXTRA,spinal__tarp,148,3,Sale/Deal,False,False,2024-12
1hco5qh,2024-12-12 15:56:22+00:00,frugalfemalefashion,Bombas 50% Off Sale on GMA Deals & Steals!,KristinSaysGah,143,26,Sale/Deal,False,True,2024-12
1hnamrj,2024-12-27 08:36:39+00:00,frugalfemalefashion,"$9.99 Madewell 9"" Mid Rise Skinny Jeans (down from $178) - only size 23 and 24 left ",NewEarEve,132,7,Sale/Deal,False,False,2024-12
1hm2xkt,2024-12-25 15:42:42+00:00,frugalfemalefashion,Adidas $100 gift card for $75,WillieTravels,120,5,Sale/Deal,False,False,2024-12
1icjl9b,2025-01-29 02:34:40+00:00,streetwear,Finished radiation for my brain tumor today🙌🏻💪🏻,itsthreem,104631,974,WDYWT,False,False,2025-01
1hzxlgc,2025-01-12 21:32:45+00:00,streetwear,Different streets in Egypt ,PhantomBR,4261,87,WDYWT,False,False,2025-01
1i89bl6,2025-01-23 17:52:13+00:00,streetwear,Biggest jeans of all!,bonneromics,3148,289,WDYWT,False,False,2025-01
1i3sx9s,2025-01-17 22:42:57+00:00,frugalfemalefashion,$8 J crew sale feels illegal!,mccobrien,2611,96,Sale/Deal,False,False,2025-01
1i8wcvv,2025-01-24 14:16:38+00:00,streetwear,🩵,olcolc,2233,120,WDYWT,False,False,2025-01
1hsooq5,2025-01-03 15:15:24+00:00,streetwear,[INSPO] Björk and Goldie in the mid ‘90s,Str33twise84,2024,40,INSPO,False,False,2025-01
1hv62j2,2025-01-06 18:33:43+00:00,femalefashionadvice,My 2024 in clothes: a breakdown of what I wore vs what's in my closet,FlimsyHuckleberry,1589,100,,False,False,2025-01
1hrvv42,2025-01-02 15:12:25+00:00,femalefashionadvice,Where are you getting your fashion inspired (now that AI ruined Pinterest)?,pityaxi,1052,119,,False,True,2025-01
1hytdlm,2025-01-11 10:43:28+00:00,femalefashionadvice,"Is it just me, or I think The North Face is making a come back this winter? 🥶 ",Accomplished-Ebb1860,961,260,,False,False,2025-01
1iejjls,2025-01-31 17:04:20+00:00,femalefashionadvice,13 Wardrobe Essentials,chiono_graphis,688,39,,False,False,2025-01
1ic3lmz,2025-01-28 15:07:13+00:00,femalefashionadvice,Those living in small towns: do you find the lack of fashion and creativity a spirit-killer?,JuniXe,659,185,,False,True,2025-01
1icw41q,2025-01-29 15:18:35+00:00,frugalmalefashion,Pro Tip: Use shop.app to search multiple brands/retailers at once and find some great deals,JPVMan,481,36,[Discussion NOT Questions/Requests],False,True,2025-01
1hs48ug,2025-01-02 20:57:26+00:00,frugalfemalefashion,"Beware: EvryJewels  up-charges items by around 2500% bought from wholesale (other ""affordable"" waterproof and tarnish-free online jewelry ""boutiques"" are also in question)",rheannahh,328,38,Brand Review,False,True,2025-01
1i5ecr1,2025-01-20 01:06:07+00:00,frugalmalefashion,"Numerous Red Flags with ""YONY STUDIOS"" Sale, possible vote manipulation, astroturfing, and concerns about fraud/scam.",IbrahimIsUsingReddit,318,0,[Discussion NOT Questions/Requests],False,True,2025-01
1i1mxe6,2025-01-15 02:05:52+00:00,frugalfemalefashion,Amour Vert Everything $20 and Under! ,SouthwestEggroll,301,281,Sale/Deal,False,True,2025-01
1icvodb,2025-01-29 14:59:48+00:00,frugalmalefashion,"$1,900 RRL Sheepskin Western Shirt Currently $34 on Ralph Lauren Site",LBinSLC,291,136,[Expired/OOS] ,False,True,2025-01
1ia08n5,2025-01-25 23:32:20+00:00,frugalmalefashion,Gustin is dishonest and you should avoid it,ronaisnotfuna,284,267,[Review],False,True,2025-01
1idma98,2025-01-30 12:53:06+00:00,frugalmalefashion,What are your favorite eBay stores,Organic-Ad-7267,267,40,[Discussion NOT Questions/Requests],False,True,2025-01
1iaoxl3,2025-01-26 20:12:08+00:00,frugalfemalefashion,50% off Gap.com,kagrrakid,230,19,Sale/Deal,False,True,2025-01
1i5z7dq,2025-01-20 19:51:22+00:00,frugalfemalefashion,Anthropologie extra 50% clearance ,effectivefoot,196,15,Sale/Deal,False,True,2025-01
1iqurk8,2025-02-16 15:36:16+00:00,streetwear,J1 Black Toe is back,olcolc,1849,121,WDYWT,False,False,2025-02
1ioliv8,2025-02-13 15:26:35+00:00,streetwear,🙂‍↕️,olcolc,1367,60,WDYWT,False,False,2025-02
1ifoegz,2025-02-02 03:43:42+00:00,frugalmalefashion,Shoutout to /u/LBinSLC for posting the deal of the century,wakeboarder557,1331,189,[Review],False,False,2025-02
1ihi07g,2025-02-04 13:47:12+00:00,frugalmalefashion,Buyer beware with Western Rise,Pea_Tear_Griffin11,1244,183,[Review],False,False,2025-02
1iopqiw,2025-02-13 18:23:57+00:00,streetwear,brown is better,slimjaded,1133,56,WDYWT,False,False,2025-02
1ix4u3f,2025-02-24 15:36:07+00:00,streetwear,paris fashion week was great,slimjaded,1106,47,WDYWT,False,False,2025-02
1ix4u3f,2025-02-24 15:36:07+00:00,streetwear,paris fashion week was great,slimjaded,1098,47,WDYWT,False,False,2025-02
1if634b,2025-02-01 13:16:26+00:00,frugalfemalefashion,Billabong closing all US retail stores- 60% online,Bradyboymom_3,1066,89,Sale/Deal,False,True,2025-02
1ihljke,2025-02-04 16:24:17+00:00,femalefashionadvice,Inspo Album: Trendspotting at Copenhagen Fashion Week AW25,chiono_graphis,795,40,,False,False,2025-02
1ihr8wx,2025-02-04 20:15:08+00:00,frugalmalefashion,$25 TJ maxx appears to be selvedge Levi’s,nestorm1,597,65,[YMMV],False,False,2025-02
1ihcfu0,2025-02-04 07:34:29+00:00,frugalfemalefashion,"These pants are on sale for $3 at American eagle in 000, 00 and 0",_cockgobblin_,485,103,Sale/Deal,False,False,2025-02
1ijglb8,2025-02-06 23:18:50+00:00,frugalmalefashion,I also found Levi’s 150th anniversary selvedge Jean at TJ Max!,Photif,466,82,[YMMV],False,False,2025-02
1ik24vn,2025-02-07 18:35:51+00:00,frugalmalefashion,"Outerwear/Jacket Deals Summary at Backcountry & REI (Patagonia, Fjallraven, Arc'teryx, some non mainline Barbour) - mostly 30% off, a few things up to 40-50% off.",Chenanio,448,35,[Deal/Sale],False,True,2025-02
1ig4y58,2025-02-02 19:12:26+00:00,femalefashionadvice,nice-quality brands that do poorly in the secondhand market,blueshft,379,93,,False,True,2025-02
1iwaa5q,2025-02-23 13:36:01+00:00,femalefashionadvice,"You go out and see this girl and think ""omg she is so fashionable"" what is she wearing?",Icy-4229,304,115,,False,True,2025-02
1inwylv,2025-02-12 17:51:28+00:00,femalefashionadvice,What do we mean when we say curvy or petite?,Nirakaz,242,229,,False,True,2025-02
1ijphd8,2025-02-07 07:21:25+00:00,femalefashionadvice,Short curvy folks: how do you style baggy loose fitting outfits while looking put together?,Much-Journalist-3201,199,85,,False,True,2025-02
1irlnjp,2025-02-17 14:56:21+00:00,frugalfemalefashion,Extra 70% Clearance - Ann Taylor- Price as Marked,peachyloaf,194,3,Sale/Deal,False,False,2025-02
1izhmm9,2025-02-27 14:56:45+00:00,frugalfemalefashion,Anthropologie extra 50% off sale on sale,trashpandaclimbs,191,13,Sale/Deal,False,True,2025-02
1ioz5dw,2025-02-14 01:26:37+00:00,frugalfemalefashion,Extra 40% off sale at Urban Outfitters,lethalwitch,156,10,Sale/Deal,False,True,2025-02
1j3cu43,2025-03-04 15:07:30+00:00,streetwear,3 looks literally inspired by the street,mayalcaulfield,4914,46,WDYWT,False,False,2025-03
1j3cu43,2025-03-04 15:07:30+00:00,streetwear,3 looks literally inspired by the street,mayalcaulfield,4912,46,WDYWT,False,False,2025-03
1jmradh,2025-03-29 17:21:24+00:00,femalefashionadvice,"Girl, just put it on: An Inspo Album",Bosquerella,3114,187,,False,False,2025-03
1j82uf8,2025-03-10 16:34:03+00:00,streetwear,"Large Winter Update from ""east van"" (16 Photos!).",mikedi12,2916,71,INSPO,False,False,2025-03
1j82uf8,2025-03-10 16:34:03+00:00,streetwear,"Large Winter Update from ""east van"" (16 Photos!).",mikedi12,2916,71,INSPO,False,False,2025-03
1j6ifwu,2025-03-08 14:35:55+00:00,streetwear,all black is best,slimjaded,2333,91,WDYWT,False,False,2025-03
1jo3cp9,2025-03-31 13:36:18+00:00,frugalmalefashion,I spent $750 on 10 different t-shirt brands to find the best one!,mensfashionfiles,2257,526,[Review],False,True,2025-03
1jnozei,2025-03-30 22:53:40+00:00,femalefashionadvice,Inspired to post some looks,scientificflunky,862,58,,False,False,2025-03
1jbyety,2025-03-15 16:05:14+00:00,femalefashionadvice,Having Good Taste Will Not Make You Happy,Bosquerella,808,41,,False,False,2025-03
1jemifx,2025-03-19 02:08:43+00:00,femalefashionadvice,RIP to my favorite brands.,MightyMekong,797,210,,False,True,2025-03
1j7ejjj,2025-03-09 18:49:30+00:00,frugalmalefashion,7 Year old Killshot 2’s,ObamaVapes,794,156,[Review],False,False,2025-03
1jobvob,2025-03-31 19:33:03+00:00,femalefashionadvice,Another round of outfits: Gemstone Edition,scientificflunky,690,65,,False,False,2025-03
1j139kr,2025-03-01 16:26:00+00:00,frugalmalefashion,Peter Millar Polo - Costco In Store [YMMV][$19.97],moreprofessional-acc,567,86,[YMMV],False,False,2025-03
1j7d9ga,2025-03-09 17:54:06+00:00,frugalmalefashion,The best sneaker deals of the week 🚀,canonshootr504,353,56,[Deal/Sale],False,True,2025-03
1jfyit2,2025-03-20 20:19:33+00:00,frugalmalefashion,Charles Tyrwhitt Shirts/ Polos 3 for $99 is back! Code: COLE,AceOBlade,330,122,[Deal/Sale],False,True,2025-03
1jnd741,2025-03-30 14:08:43+00:00,frugalfemalefashion,Old Navy 50% off everything,zombiesheartwaffles,313,35,Sale/Deal,False,True,2025-03
1j75axa,2025-03-09 11:00:32+00:00,frugalfemalefashion,Weekly /r/FrugalFemaleFashion Discussion - (No) Stupid Question Sunday!,AutoModerator,153,0,Discussion ,False,True,2025-03
1j6tw1l,2025-03-08 23:21:09+00:00,frugalfemalefashion,Extra 40% off Bebe sale,CryingMachine3000,152,4,Sale/Deal,False,True,2025-03
1jfvdxw,2025-03-20 18:10:05+00:00,frugalfemalefashion,"Uncommon James end of season sale, free shipping",MargaeryBaratheon,136,6,Sale/Deal,False,False,2025-03
1j9hg2k,2025-03-12 11:00:32+00:00,frugalfemalefashion,Weekly /r/FrugalFemaleFashion Discussion - Whiny Wednesday!,AutoModerator,125,1,Discussion ,False,True,2025-03
1jsr5em,2025-04-06 10:30:42+00:00,femalefashionadvice,11 skirts x 4 ways = 44 outfits,full_boyle,5236,96,,False,False,2025-04
1jsr5em,2025-04-06 10:30:42+00:00,femalefashionadvice,11 skirts x 4 ways = 44 outfits,full_boyle,5233,96,,False,False,2025-04
1jsr5em,2025-04-06 10:30:42+00:00,femalefashionadvice,11 skirts x 4 ways = 44 outfits,full_boyle,5229,96,,False,False,2025-04
1ka4ya6,2025-04-28 19:57:34+00:00,streetwear,what I wore in Tokyo,peachjarss,3067,104,WDYWT,False,False,2025-04
1ka4ya6,2025-04-28 19:57:34+00:00,streetwear,what I wore in Tokyo,peachjarss,3066,104,WDYWT,False,False,2025-04
1ka4ya6,2025-04-28 19:57:34+00:00,streetwear,what I wore in Tokyo,peachjarss,3065,104,WDYWT,False,False,2025-04
1ka4ya6,2025-04-28 19:57:34+00:00,streetwear,what I wore in Tokyo,peachjarss,3063,104,WDYWT,False,False,2025-04
1ka4ya6,2025-04-28 19:57:34+00:00,streetwear,what I wore in Tokyo,peachjarss,3060,104,WDYWT,False,False,2025-04
1kao8ki,2025-04-29 13:41:57+00:00,SustainableFashion,Is linen with embroidery something people actually like?,rickky_20,2494,191,Question,False,False,2025-04
1jpcotl,2025-04-02 01:28:41+00:00,femalefashionadvice,New Album: My husband’s least favorite stylings,scientificflunky,2453,269,,False,False,2025-04
1jpcotl,2025-04-02 01:28:41+00:00,femalefashionadvice,New Album: My husband’s least favorite stylings,scientificflunky,2447,269,,False,False,2025-04
1jowtuq,2025-04-01 14:23:12+00:00,frugalmalefashion,my costco has the BR bombers down to $4.97,dylanpants23,458,55,[Local/Sample Sale],False,False,2025-04
1jq03rx,2025-04-02 21:16:33+00:00,frugalfemalefashion,Forever 21 store closing STEALS 90% OFF,Comfortable_Act_4598,380,72,Sale/Deal,False,True,2025-04
1juolzm,2025-04-08 21:07:14+00:00,frugalmalefashion,3sixteen Co-Owner Andrew Chen speaks on how Tariffs will impact his US Clothing brand,IbrahimIsUsingReddit,361,151,[Discussion NOT Questions/Requests],False,True,2025-04
1k9l4hs,2025-04-28 02:33:57+00:00,frugalfemalefashion,Lululemon x Peloton - 50% off,FlatChocolate2418,348,58,Sale/Deal,False,True,2025-04
1jyctw2,2025-04-13 17:21:02+00:00,frugalmalefashion,The best sneaker deals of the week 🚀,canonshootr504,320,48,[Deal/Sale],False,True,2025-04
1k97lqc,2025-04-27 16:11:37+00:00,frugalmalefashion,The best sneaker deals of the week 🚀,canonshootr504,319,43,[Deal/Sale],False,True,2025-04
1k5pu3i,2025-04-23 03:45:11+00:00,frugalfemalefashion,50-80% off Away Travel clearance items,mstabs,292,17,Sale/Deal,False,True,2025-04
1k3neex,2025-04-20 14:11:13+00:00,frugalmalefashion,The best sneaker deals of the week 🚀,canonshootr504,291,30,[Deal/Sale],False,True,2025-04
1k0wsvt,2025-04-16 22:03:22+00:00,frugalfemalefashion,Everlane 70% spring sale,findmehereandthere,221,22,Sale/Deal,False,True,2025-04
1kauw3n,2025-04-29 18:16:27+00:00,frugalfemalefashion,Anthropology extra 50% off sale,GreenEyed92,215,42,Sale/Deal,False,True,2025-04
1kajoc3,2025-04-29 09:20:58+00:00,SustainableFashion,altered my too small cargo pants to fit me again!,fillowshack,206,5,Repair show off,False,False,2025-04
1k5ivho,2025-04-22 22:00:50+00:00,SustainableFashion,92 million tons of clothes go to landfill every year!! - what slow‑fashion brands do you swear by?,Far_Bass5050,145,35,,False,True,2025-04
1jz4lzo,2025-04-14 17:28:18+00:00,SustainableFashion,Take good care & wear it forever 🥾,EvolveOrDie444,89,3,Repair show off,False,False,2025-04
1k0oe2c,2025-04-16 16:17:19+00:00,SustainableFashion,the first 100% organic cotton scrubs,cupcakekitty,70,2,,False,False,2025-04
1kfmyxo,2025-05-05 21:06:00+00:00,frugalmalefashion,Fish Sandals on Clearance | Bass Pro Shop ($11.97),VersaceSamurai,2081,112,[Deal/Sale],False,False,2025-05
1ki2zbm,2025-05-08 22:20:58+00:00,frugalmalefashion,Purchased the Bass Pro Flipper Floppers,Lordranch,1936,111,[Review],False,False,2025-05
1kkmq77,2025-05-12 07:38:15+00:00,streetwear,Birthday fit :),olcolc,1829,183,WDYWT,False,False,2025-05
1kkmq77,2025-05-12 07:38:15+00:00,streetwear,Birthday fit :),olcolc,1827,183,WDYWT,False,False,2025-05
1kkmq77,2025-05-12 07:38:15+00:00,streetwear,Birthday fit :),olcolc,1827,183,WDYWT,False,False,2025-05
1kkmq77,2025-05-12 07:38:15+00:00,streetwear,Birthday fit :),olcolc,1825,183,WDYWT,False,False,2025-05
1kkmq77,2025-05-12 07:38:15+00:00,streetwear,Birthday fit :),olcolc,1823,183,WDYWT,False,False,2025-05
1ke0ljl,2025-05-03 19:08:19+00:00,SustainableFashion,I upcycle clothes by drawing/painting illustrations on them :),flyagaricon,1545,56,,False,False,2025-05
1khuekj,2025-05-08 16:28:20+00:00,SustainableFashion,Just read this piece all about Anna Wintour + Diddy’s history and friendship she is now hiding at all costs. Its a truly wild exposè,LowLongjumping3038,854,91,,False,False,2025-05
1khytyt,2025-05-08 19:26:09+00:00,frugalmalefashion,I Spent $200 On Heavyweight Oversized Tees To Find The Best One,trail_everlasting,853,190,[Review],False,True,2025-05
1knb2ts,2025-05-15 15:28:30+00:00,SustainableFashion,Truly sustainable fashion is secondhand only,BlandonShack,583,63,,False,True,2025-05
1kcbbqx,2025-05-01 15:19:38+00:00,femalefashionadvice,What does “dress your age” even mean?,hotpinkpurple,520,218,,False,True,2025-05
1kcbbqx,2025-05-01 15:19:38+00:00,femalefashionadvice,What does “dress your age” even mean?,hotpinkpurple,513,218,,False,True,2025-05
1kcbbqx,2025-05-01 15:19:38+00:00,femalefashionadvice,What does “dress your age” even mean?,hotpinkpurple,512,218,,False,True,2025-05
1kk4hcx,2025-05-11 16:06:04+00:00,frugalmalefashion,The best sneaker deals of the week 🚀,canonshootr504,446,52,[Deal/Sale],False,True,2025-05
1kwg9ru,2025-05-27 06:21:31+00:00,frugalmalefashion,The best sneaker deals of the week 🚀,canonshootr504,420,9,[Deal/Sale],False,True,2025-05
1kp5kjf,2025-05-17 22:53:16+00:00,frugalfemalefashion,How to look more expensive on a budget?,Lilya_keyes18,356,168,Discussion,False,True,2025-05
1ks8e1c,2025-05-21 20:35:05+00:00,frugalfemalefashion,Memorial day sale thread!,Miserable-Row4381,318,65,Sale/Deal,False,True,2025-05
1kx3zez,2025-05-28 00:54:45+00:00,SustainableFashion,I'm convinced this is the most fashionable I've ever been!,Ashen_Curio,298,29,Thrift find ,False,False,2025-05
1km5g7g,2025-05-14 03:27:39+00:00,SustainableFashion,I finally made the embroidered linen shirts I designed — which one do you like better?,rickky_20,255,34,,False,False,2025-05
1kyzrew,2025-05-30 09:20:47+00:00,femalefashionadvice,What's your take on Ballet Flats being back?,kat_frisky,250,287,,False,True,2025-05
1kyzrew,2025-05-30 09:20:47+00:00,femalefashionadvice,What's your take on Ballet Flats being back?,kat_frisky,250,287,,False,True,2025-05
1ktoeze,2025-05-23 16:49:52+00:00,frugalfemalefashion,Extra 50% off Lululemon x Peloton,Emhilly,223,10,Sale/Deal,False,True,2025-05
1ksqzz0,2025-05-22 13:41:18+00:00,frugalfemalefashion,Coach Brooklyn Shoulder Bag 39 Black - $179.99 - Free shipping for Prime members  (64% off!!!original price is $495),vilkam,192,55,Sale/Deal,False,False,2025-05
1kc8ow5,2025-05-01 13:26:25+00:00,frugalfemalefashion,Abercrombie $50 off $150 order,peachyloaf,174,3,Sale/Deal,False,False,2025-05
1l8oask,2025-06-11 09:32:05+00:00,femalefashionadvice,Most people are approaching secondhand shopping all wrong (a farewell to brands),SlyHobbes,3049,204,,False,True,2025-06
1l8oask,2025-06-11 09:32:05+00:00,femalefashionadvice,Most people are approaching secondhand shopping all wrong (a farewell to brands),SlyHobbes,3047,204,,False,True,2025-06
1l8oask,2025-06-11 09:32:05+00:00,femalefashionadvice,Most people are approaching secondhand shopping all wrong (a farewell to brands),SlyHobbes,3047,204,,False,True,2025-06
1l8oask,2025-06-11 09:32:05+00:00,femalefashionadvice,Most people are approaching secondhand shopping all wrong (a farewell to brands),SlyHobbes,3042,204,,False,True,2025-06
1limsjk,2025-06-23 17:29:43+00:00,streetwear,"A cover of Krokodil, a satirical magazine from Soviet Russia. From what I've been able to find, the cover reads ""I'd have strangled myself of boredom, if I had looked a little like her"".",Umikaloo,2641,88,MEME,False,False,2025-06
1limsjk,2025-06-23 17:29:43+00:00,streetwear,"A cover of Krokodil, a satirical magazine from Soviet Russia. From what I've been able to find, the cover reads ""I'd have strangled myself of boredom, if I had looked a little like her"".",Umikaloo,2640,88,MEME,False,False,2025-06
1limsjk,2025-06-23 17:29:43+00:00,streetwear,"A cover of Krokodil, a satirical magazine from Soviet Russia. From what I've been able to find, the cover reads ""I'd have strangled myself of boredom, if I had looked a little like her"".",Umikaloo,2638,88,MEME,False,False,2025-06
1limsjk,2025-06-23 17:29:43+00:00,streetwear,"A cover of Krokodil, a satirical magazine from Soviet Russia. From what I've been able to find, the cover reads ""I'd have strangled myself of boredom, if I had looked a little like her"".",Umikaloo,2637,88,MEME,False,False,2025-06
1limsjk,2025-06-23 17:29:43+00:00,streetwear,"A cover of Krokodil, a satirical magazine from Soviet Russia. From what I've been able to find, the cover reads ""I'd have strangled myself of boredom, if I had looked a little like her"".",Umikaloo,2636,88,MEME,False,False,2025-06
1lk96z4,2025-06-25 15:46:53+00:00,SustainableFashion,I found the wedding dress of my dreams but they don’t make it in my size 😔,New-Newspaper-4524,2195,128,,False,False,2025-06
1l85815,2025-06-10 17:45:47+00:00,SustainableFashion,My brother designed a new activewear line made of the purest natural fabrics after learning 99% of them are made of toxic plastic,MasterSwamii,2098,316,Brand share,False,False,2025-06
1l76mff,2025-06-09 14:43:37+00:00,SustainableFashion,I upcycle thridt store clothes using textile paint to create custom statement pieces :),flyagaricon,1316,50,Upcycle show off ,False,False,2025-06
1ljvnsl,2025-06-25 03:46:56+00:00,rawdenim,2 weeks in Brave Star 16.5oz Mojave Blue Blood and one “soak”,aloha_bigmike,892,172,,False,False,2025-06
1lc73vb,2025-06-15 18:19:06+00:00,SustainableFashion,I embroidered over a stain on my T-Shirt,Bydanielpearce,874,17,Repair show off,False,False,2025-06
1lh1yi8,2025-06-21 17:29:12+00:00,femalefashionadvice,Odd Girl Summer: An Inspo Album,Bosquerella,771,76,,False,False,2025-06
1l395o0,2025-06-04 15:54:17+00:00,frugalmalefashion,Thanks for the drip — I love r/frugalmalefashion,Guilty_Income_9571,722,42,[Review],False,False,2025-06
1l2lej8,2025-06-03 19:48:20+00:00,frugalfemalefashion,Deals of the Day!,Odd-Mood-8703,584,24,Sale/Deal,False,True,2025-06
1lohm8l,2025-06-30 20:01:31+00:00,frugalmalefashion,Lululemon is suing Costco for duping their ABC pants. All this is telling me is that I can get ABC pants for $30 at Costco. Has anyone tried the Costco pants out?,pianee3,553,98,[Deal/Sale],False,False,2025-06
1laqywd,2025-06-13 20:59:43+00:00,frugalmalefashion,"J. Crew Sneaker/Sandal Sale - Birkenstock, Converse, New Balance, Saucony, Vans",villewill,511,80,[Deal/Sale],False,False,2025-06
1l5rqg8,2025-06-07 18:30:56+00:00,frugalmalefashion,Church’s on Clearance at Local Marshalls for $150,ResponsibleRow911,480,82,[YMMV],False,False,2025-06
1la1aew,2025-06-12 23:32:02+00:00,SustainableFashion,upcycled floral jeans,FaeriePrincess28,475,17,Upcycle show off ,False,False,2025-06
1leh6ym,2025-06-18 13:31:26+00:00,rawdenim,"After 10 Years I've Had to Retire My 2 Favorite Pairs, PRONTO x IRON HEART (more details in the description)",PseudoPsychosis,472,43,Iron Heart,False,False,2025-06
1l2dql2,2025-06-03 14:44:08+00:00,frugalmalefashion,The best sneaker deals of the week 🚀,canonshootr504,405,17,[Deal/Sale],False,True,2025-06
1lfoh2g,2025-06-19 22:51:38+00:00,rawdenim,Oni 222 Secret Denim,Puzzleheaded_Egg4386,367,52,FIT PIC,False,False,2025-06
1lgaswq,2025-06-20 18:07:17+00:00,frugalfemalefashion,Avoid this fashion brand called Chanyarn,Reasonable-Grape-450,328,14,Brand Review,False,True,2025-06
1lce9y2,2025-06-15 23:34:30+00:00,rawdenim,UES 15.5oz Indigo Tricotine Shirt RRY3 (Re)Pair (Final 2 Year Submission),Fadeandpatina,328,47,,False,False,2025-06
1lherrg,2025-06-22 03:55:17+00:00,rawdenim,Iron Heart 633S,anonthrowaway408,319,24,,False,False,2025-06
1lahbio,2025-06-13 14:26:58+00:00,frugalfemalefashion,Deals of the Day #2,Odd-Mood-8703,260,13,Sale/Deal,False,True,2025-06
1lej7l5,2025-06-18 14:55:29+00:00,frugalfemalefashion,H&M Sale -Good sale on linens & cotton,peachyloaf,195,3,Sale/Deal,False,False,2025-06
1l6golz,2025-06-08 16:45:41+00:00,frugalfemalefashion,Puma extra 40% off sale code PUMAFNF,Additional_Guest_435,121,7,Sale/Deal,False,False,2025-06
1m77l37,2025-07-23 12:13:04+00:00,femalefashionadvice,Faberge Eggs: An Inspiration Album,funkyboy-,1878,43,,False,False,2025-07
1m77l37,2025-07-23 12:13:04+00:00,femalefashionadvice,Faberge Eggs: An Inspiration Album,funkyboy-,1878,43,,False,False,2025-07
1m77l37,2025-07-23 12:13:04+00:00,femalefashionadvice,Faberge Eggs: An Inspiration Album,funkyboy-,1876,43,,False,False,2025-07
1m77l37,2025-07-23 12:13:04+00:00,femalefashionadvice,Faberge Eggs: An Inspiration Album,funkyboy-,1874,43,,False,False,2025-07
1lwtqx7,2025-07-11 01:08:27+00:00,femalefashionadvice,Some Drop Waist Inspo,lumenphosphor,1316,124,,False,False,2025-07
1lx4wyo,2025-07-11 11:54:35+00:00,rawdenim,First homemade denim jacket,Grain_Changer,1034,138,,False,False,2025-07
1lszej0,2025-07-06 11:53:42+00:00,streetwear,🐢,olcolc,944,120,WDYWT,False,False,2025-07
1lszej0,2025-07-06 11:53:42+00:00,streetwear,🐢,olcolc,940,120,WDYWT,False,False,2025-07
1lszej0,2025-07-06 11:53:42+00:00,streetwear,🐢,olcolc,939,120,WDYWT,False,False,2025-07
1lszej0,2025-07-06 11:53:42+00:00,streetwear,🐢,olcolc,936,120,WDYWT,False,False,2025-07
1lszej0,2025-07-06 11:53:42+00:00,streetwear,🐢,olcolc,934,120,WDYWT,False,False,2025-07
1mciosc,2025-07-29 18:02:57+00:00,SustainableFashion,DO NOT BUY FROM QUINCE. DO NOT TRUST ONLINE RETURNS FROM ANY COMPANY,beewhyneeD,848,151,,False,True,2025-07
1lt3x83,2025-07-06 15:27:04+00:00,SustainableFashion,I gave up fast fashion and now i hate my wardrobe,Dry-Conference1460,800,156,,False,True,2025-07
1lryw6e,2025-07-05 01:52:45+00:00,rawdenim,"Longtime lurker, first big purchase.",bruhhhlanto,535,40,Samurai,False,False,2025-07
1mbzdk5,2025-07-29 02:11:03+00:00,frugalmalefashion,"[List of Deals #2] Scraping the best deals on the internet, pulling 70% off deals",sudokucake,475,45,[Deal/Sale],False,True,2025-07
1m8m1rs,2025-07-25 01:17:55+00:00,frugalmalefashion,"[List of Deals] Scraping the best deals on the internet, pulling 70% off deals",sudokucake,449,93,[Deal/Sale],False,True,2025-07
1lx8y0o,2025-07-11 14:53:26+00:00,rawdenim,Warehouse 1001xx,solobach,419,38,Warehouse,False,False,2025-07
1lv72d3,2025-07-09 02:08:51+00:00,rawdenim,Sashiko Crotch Patch,heavydenimfader,410,59,Iron Heart,False,False,2025-07
1lxf50s,2025-07-11 18:54:54+00:00,rawdenim,Iron Heart Slubby Type 2 Jacket,OAKUNITI,378,37,,False,False,2025-07
1mcrh3f,2025-07-29 23:49:37+00:00,frugalfemalefashion,Fast fashion vs. quality pieces - my cost-per-wear breakdown after 2 years,Dense-Rate3499,326,47,Discussion,False,True,2025-07
1mdp4uj,2025-07-31 01:57:11+00:00,frugalmalefashion,"[List of Deals #3] Scraping the Best Deals on the Internet, pulling 70% off Deals",sudokucake,285,20,[Deal/Sale],False,True,2025-07
1lt3enk,2025-07-06 15:04:57+00:00,frugalmalefashion,The best sneaker deals of the week 🚀,canonshootr504,250,27,[Deal/Sale],False,True,2025-07
1lywfzi,2025-07-13 16:04:01+00:00,frugalmalefashion,The best sneaker deals of the week 🚀,canonshootr504,231,32,[Deal/Sale],False,True,2025-07
1lyq7i2,2025-07-13 11:09:27+00:00,frugalfemalefashion,I’m way happier with fewer clothes now that I actually like them,Commercial_Pass_216,223,20,Discussion,False,True,2025-07
1lwnlyp,2025-07-10 20:40:36+00:00,SustainableFashion,Any ethical places where I can purchase a skirt with this pattern at an affordable price?,Bianca_aa_07,210,22,Seeking advice ,False,False,2025-07
1mdz1wu,2025-07-31 11:30:42+00:00,SustainableFashion,Trump ends de minimis exemption for all imports,AlphabetOfMe,196,3,,False,True,2025-07
1mcu6wl,2025-07-30 01:57:20+00:00,frugalfemalefashion,Many Stores have Sales up to and over 70% off,sudokucake,174,19,Sale/Deal,False,True,2025-07
1m8h04w,2025-07-24 21:33:42+00:00,SustainableFashion,Made these out of bedsheets my mom didn’t want anymore,_microbiome,158,3,,False,False,2025-07
1m8h6he,2025-07-24 21:40:52+00:00,frugalfemalefashion,Old Navy clearance items are an additional 30% off!,hrhashley,94,12,Sale/Deal,False,False,2025-07
1m6ugl4,2025-07-23 00:05:13+00:00,frugalfemalefashion,Schutz black leather pumps 80% off at Neiman Marcus,Cleveland_Protocol,79,23,Sale/Deal,False,True,2025-07
1mtx0g8,2025-08-18 20:09:23+00:00,streetwear,ID on the jacket?,Alteryo,2044,76,INSPO,False,False,2025-08
1mtx0g8,2025-08-18 20:09:23+00:00,streetwear,ID on the jacket?,Alteryo,2040,76,INSPO,False,False,2025-08
1mtx0g8,2025-08-18 20:09:23+00:00,streetwear,ID on the jacket?,Alteryo,2039,76,INSPO,False,False,2025-08
1mtx0g8,2025-08-18 20:09:23+00:00,streetwear,ID on the jacket?,Alteryo,2039,76,INSPO,False,False,2025-08
1mtx0g8,2025-08-18 20:09:23+00:00,streetwear,ID on the jacket?,Alteryo,2038,76,INSPO,False,False,2025-08
1mwlfoz,2025-08-21 19:56:43+00:00,PlusSizeFashion,My Return to Riding,leightalks,1825,91,Rant,False,False,2025-08
1n2l679,2025-08-28 19:05:52+00:00,PlusSizeFashion,Fat Joy ✨,leightalks,1565,48,No Body Comments,False,False,2025-08
1mp4gh4,2025-08-13 13:27:50+00:00,PlusSizeFashion,Birthday OOTD!!,dbaanriteo,1506,57,OOTD (size 20),False,False,2025-08
1mtc95h,2025-08-18 04:27:42+00:00,PlusSizeFashion,Stopped to take a silly picture with a friend on our walk and a guy yelled “you’re ugly” from his truck…well anyway here’s today’s outfit 🥲,Floppywaffle123,1439,109,OOTD,False,False,2025-08
1mrsveh,2025-08-16 11:43:28+00:00,PlusSizeFashion,Your sign to get your arms out today ❤️,Flowers4Ch_rlie,1097,43,OOTD,False,False,2025-08
1mqjzcr,2025-08-15 01:42:11+00:00,SustainableFashion,Please stop throwing out your clothes :(,mahou-ichigo,1071,90,,False,True,2025-08
1mfino8,2025-08-02 05:31:27+00:00,rawdenim,Straight from the factory - Jeans made by my grandmother,Shadowrunner808,1007,65,DIY,False,False,2025-08
1n46rv5,2025-08-30 17:02:44+00:00,malefashionadvice,Subreddit for younger men (?),ExpensiveGuide3427,856,211,Question,False,True,2025-08
1mm41y9,2025-08-09 23:57:28+00:00,SustainableFashion,Thats a way,yoiksywummery,618,5,,False,False,2025-08
1mmf35g,2025-08-10 10:26:30+00:00,femalefashionadvice,Getting comfortable dressing up when living in a place where people dress hyper-casual,morphinpink,498,110,,False,True,2025-08
1mmf35g,2025-08-10 10:26:30+00:00,femalefashionadvice,Getting comfortable dressing up when living in a place where people dress hyper-casual,morphinpink,496,110,,False,True,2025-08
1mmf35g,2025-08-10 10:26:30+00:00,femalefashionadvice,Getting comfortable dressing up when living in a place where people dress hyper-casual,morphinpink,495,110,,False,True,2025-08
1mmf35g,2025-08-10 10:26:30+00:00,femalefashionadvice,Getting comfortable dressing up when living in a place where people dress hyper-casual,morphinpink,494,110,,False,True,2025-08
1mgq641,2025-08-03 18:11:29+00:00,frugalmalefashion,FYI that men’s warehouse clearance sale is currently offering HEAVY discounts,munchypooh,444,133,[Deal/Sale],False,True,2025-08
1mit7ri,2025-08-06 02:47:12+00:00,frugalmalefashion,"[List of Deals #5] Scraping the Best Deals on the Internet, pulling 70% off Deals",sudokucake,399,35,[Deal/Sale],False,True,2025-08
1n1zv2z,2025-08-28 01:57:40+00:00,rawdenim,Long Long Guys - Indigo Invitational Day 1,cwa-ink,375,148,FIT PIC,False,False,2025-08
1mg5xy7,2025-08-03 00:42:10+00:00,rawdenim,Baucom 14.5oz Rigid Straight Leg,Minute-Beginning3601,359,37,Women's Denim,False,False,2025-08
1mhgxpo,2025-08-04 15:42:22+00:00,rawdenim,N&F Elephant 13 Red Core- 10 months 2 washes,dayrem,356,42,Naked and Famous,False,False,2025-08
1mt3aoe,2025-08-17 21:32:49+00:00,rawdenim,"Iron Heart 634S. Countless wears, repairs and machine washes over the last 8 years.",zacharyxkeaton,351,17,,False,False,2025-08
1mg6425,2025-08-03 00:50:46+00:00,frugalmalefashion,"[List of Deals #4] Scraping the Best Deals on the Internet, pulling 70% off Deals",sudokucake,285,26,[Deal/Sale],False,True,2025-08
1mgxjpr,2025-08-03 23:12:35+00:00,femalefashionadvice,Prediction for Fall Fashion Trends,Emotional-Offer-2848,242,98,,False,True,2025-08
1mwcakm,2025-08-21 14:21:11+00:00,frugalfemalefashion,For years I used to use being frugal and sales as a justification to shop,refined_retail,230,38,Discussion,False,True,2025-08
1n46k8i,2025-08-30 16:54:06+00:00,frugalmalefashion,No more SSENSE sprees for me I guess 🥲,MidnightFlight,227,80,[Discussion NOT Questions/Requests],False,False,2025-08
1mml6du,2025-08-10 15:17:44+00:00,frugalmalefashion,The best sneaker deals of the week 🚀,canonshootr504,209,38,[Deal/Sale],False,True,2025-08
1mehnlo,2025-08-01 00:01:39+00:00,frugalfemalefashion,Many Items over 70% off,sudokucake,197,14,Sale/Deal,False,True,2025-08
1n3adss,2025-08-29 15:23:25+00:00,SustainableFashion,56% of people don't realize more than 60% of today's clothing is made from plastic-based fibers like polyester and nylon,kalemegranola,167,10,,False,True,2025-08
1n1ihn7,2025-08-27 14:25:03+00:00,SustainableFashion,First time hand embroidering! I made this to cover up a big ol paint stain. Now I can wear my pants again! :),zoloft_king69,133,7,,False,False,2025-08
1n3v8x2,2025-08-30 07:11:34+00:00,malefashionadvice,"Why do polo shirt collars do that wavy, curled up thing, and is there any way to prevent it?",lazarus870,127,47,Question,False,True,2025-08
1n57d1s,2025-08-31 21:59:37+00:00,malefashionadvice,Why are my shirts doing this?,Tork260,120,77,Discussion,False,True,2025-08
1n4281h,2025-08-30 13:54:49+00:00,malefashionadvice,Freshly Dropped Drake’s Autumn Transitional Look Book.,No-Entertainer-121,119,24,Infographic,False,True,2025-08
1mh1ba4,2025-08-04 02:10:43+00:00,SustainableFashion,Reworked some plain T shirts using fabric paint 🧚✨,flyagaricon,115,13,,False,False,2025-08
1mmkjrw,2025-08-10 14:51:38+00:00,frugalfemalefashion,"70% off sale at Farm Rio, no code needed.",StaceyOats,107,17,Sale/Deal,False,False,2025-08
1n3vztl,2025-08-30 07:59:29+00:00,malefashionadvice,What American heritage brands do you think are under appreciated abroad?,Vinz-the-Keymaster,66,115,Discussion,False,True,2025-08
1mpdarp,2025-08-13 18:59:48+00:00,frugalfemalefashion,Lotta from Stockholm Going Out of Business Sale!,Nancy-Drew-Who,60,8,Sale/Deal,False,True,2025-08
1nuhc93,2025-09-30 16:08:29+00:00,fashion,Dress over pants - does it work?,Duskymoonlight,25109,1430,Feedback Wanted! ,False,False,2025-09
1nsttch,2025-09-28 17:14:26+00:00,fashion,Sewed this dress to wear to my cousins wedding!,Alycevs,19126,840,Special Occasion Outfit,False,False,2025-09
1nf3gei,2025-09-12 13:36:32+00:00,fashion,Gen z hates to see a millennial coming 🤣,Ok_Mastodon_8706,6228,796,Outfit of The Day,False,False,2025-09
1nfvebx,2025-09-13 11:44:20+00:00,fashion,Went to a 60s-themed party. How did I do?,Duskymoonlight,3472,146,💕💕Positive Vibes Only💕💕,False,False,2025-09
1ntpo3n,2025-09-29 18:20:04+00:00,sneakers,"Ugh, these are too cool not to consider copping",NebPhiChi,3350,150, ,False,False,2025-09
1ndweji,2025-09-11 01:44:28+00:00,fashion,should i get it? :’),drfaustuss,3184,590,Feedback Wanted! ,False,False,2025-09
1nk4qbm,2025-09-18 10:35:31+00:00,malefashionadvice,What’s one thing you often see guys wear that instantly kills the look?,OK_GO_27,2052,1340,Discussion,False,True,2025-09
1ntpote,2025-09-29 18:20:47+00:00,sneakers,Reebok x PlayStation first look,FUCKiro,2022,116,News,False,False,2025-09
1neamj5,2025-09-11 14:40:30+00:00,streetwear,🙇🏻‍♀️,olcolc,1691,66,WDYWT,False,False,2025-09
1neamj5,2025-09-11 14:40:30+00:00,streetwear,🙇🏻‍♀️,olcolc,1690,66,WDYWT,False,False,2025-09
1neamj5,2025-09-11 14:40:30+00:00,streetwear,🙇🏻‍♀️,olcolc,1686,66,WDYWT,False,False,2025-09
1neamj5,2025-09-11 14:40:30+00:00,streetwear,🙇🏻‍♀️,olcolc,1685,66,WDYWT,False,False,2025-09
1neamj5,2025-09-11 14:40:30+00:00,streetwear,🙇🏻‍♀️,olcolc,1685,66,WDYWT,False,False,2025-09
1ndebqw,2025-09-10 13:32:52+00:00,PlusSizeFashion,"I slayed hard at the Lady Gaga’s Mayhem Ball. 🖤 Funny story: Some kind queens warned me that a woman nearby was taking photos of me. As they confronted her, I shook my booty and said, “Hope you got a good shot!”",angel0fthe0dd,1287,80,OOTD (size 30),False,False,2025-09
1nf4b1s,2025-09-12 14:11:18+00:00,malefashionadvice,I f*ckin hate polyester & rayon and I'm tired of brands making breathable materials feel like a luxury,,1259,329,Discussion,False,True,2025-09
1n96s49,2025-09-05 14:28:15+00:00,PlusSizeFashion,I felt like a porcelaine doll!!,bxbyphrog,1172,50,OOTD (size 24),False,False,2025-09
1na37ki,2025-09-06 16:00:38+00:00,femalefashionadvice,"The basic T-shirt post is 6 years old. Can we have a newer, updated megathread for basic tshirts or just basics in general?",say-no-to-carbs,1103,182,,False,True,2025-09
1na37ki,2025-09-06 16:00:38+00:00,femalefashionadvice,"The basic T-shirt post is 6 years old. Can we have a newer, updated megathread for basic tshirts or just basics in general?",say-no-to-carbs,1100,182,,False,True,2025-09
1na37ki,2025-09-06 16:00:38+00:00,femalefashionadvice,"The basic T-shirt post is 6 years old. Can we have a newer, updated megathread for basic tshirts or just basics in general?",say-no-to-carbs,1095,182,,False,True,2025-09
1na37ki,2025-09-06 16:00:38+00:00,femalefashionadvice,"The basic T-shirt post is 6 years old. Can we have a newer, updated megathread for basic tshirts or just basics in general?",say-no-to-carbs,1094,182,,False,True,2025-09
1nfidou,2025-09-12 23:32:45+00:00,frugalmalefashion,Vintage Deals on eBay: Sweaters for the Fall! (Part 1),JPVMan,956,81,[Deal/Sale],False,True,2025-09
1nap2w5,2025-09-07 09:43:29+00:00,PlusSizeFashion,Attended a drag show last night,Bingo_Joy,943,41,OOTD,False,False,2025-09
1nal598,2025-09-07 05:36:50+00:00,PlusSizeFashion,I feel beautiful ❤️,Feelnoway99,939,54,OOTD,False,False,2025-09
1nowzxo,2025-09-23 23:36:18+00:00,PlusSizeFashion,Randomly went to a very fancy dinner,bloodygoodgal,895,28,OOTD,False,False,2025-09
1nul1qv,2025-09-30 18:26:54+00:00,sneakers,My friend made me a rug,ExcitedByNoise,829,38, ,False,False,2025-09
1npgzmp,2025-09-24 16:35:10+00:00,femalefashionadvice,Anyone else feel like there’s no way everyone is thrifting as much as they claim?,rubystreaks,668,589,,False,True,2025-09
1n5u2q4,2025-09-01 16:55:05+00:00,rawdenim,Long jean meetup - we had a huge turnout,cwa-ink,640,30,Collection,False,False,2025-09
1n9k3ej,2025-09-05 23:14:22+00:00,rawdenim,Dipping my toes into Raw Denim. Red Tornadoes 55501,wiggan1989,618,69,,False,False,2025-09
1n8aln9,2025-09-04 13:47:32+00:00,malefashionadvice,Legendary Italian designer Giorgio Armani dies,SlowItem3884,604,16,Article,False,True,2025-09
1nfkhqv,2025-09-13 01:13:53+00:00,rawdenim,Found my grail jeans,dairystarCreamerguy,579,88,Naked and Famous,False,False,2025-09
1n8rf9a,2025-09-05 00:50:58+00:00,frugalmalefashion,Vintage Deals on eBay: MiUSA Shirt Recs for the Fall!,JPVMan,536,67,[Deal/Sale],False,True,2025-09
1ne9ove,2025-09-11 14:04:29+00:00,malefashionadvice,"UPDATE: Obese man with no ass, how can I keep my pants up",fetter_indy,528,104,Discussion,False,True,2025-09
1nggsog,2025-09-14 03:31:03+00:00,rawdenim,"Making a cut from Brave Star 14oz Ironside Jacket, with the 16oz Blue Bloods for Y5 Indigo Invitational",aloha_bigmike,508,71,,False,False,2025-09
1nfby7m,2025-09-12 19:10:34+00:00,malefashionadvice,White collar outfits that won't piss-off blue collar people?,CatFatPat,502,180,Question,False,True,2025-09
1naxg9f,2025-09-07 16:18:53+00:00,rawdenim,Fit and fade on my Momotaros a little over a year in,Plenty-Advantage-459,471,22,Momotaro,False,False,2025-09
1nuc7cy,2025-09-30 12:45:09+00:00,sneakers,What's the wildest looking shoe you own?,adiFamily_,405,516, ,False,False,2025-09
1nl733w,2025-09-19 15:44:24+00:00,frugalmalefashion,Vintage Deals on eBay: Sweaters for the Fall! (Part 2),JPVMan,395,50,[Deal/Sale],False,True,2025-09
1ntfkx7,2025-09-29 11:34:56+00:00,sneakers,How do you keep the J1 Tongue from sliding?,thisisjoy,377,106,Question,False,False,2025-09
1nq8vnp,2025-09-25 14:52:03+00:00,frugalmalefashion,Vintage Deals on eBay: Jackets for Decorative Gourd Season!,JPVMan,374,23,[Deal/Sale],False,True,2025-09
1nix5ed,2025-09-16 23:22:24+00:00,frugalmalefashion,"J Crew Irish Linen Shirt $26, Linen Shorts, $18, Cashmere Sweater $32, free shipping with account Code: SHOPSALE",photoapparat,317,86,[Deal/Sale],False,False,2025-09
1nn5x93,2025-09-21 22:40:57+00:00,SustainableFashion,We try to save the cool stuff from landfills,Bright-Club1140,130,14,,False,False,2025-09
1nit71z,2025-09-16 20:42:55+00:00,SustainableFashion,"Is it just me, or is shopping sustainably way harder than it should be?",NewEstablishment2568,70,38,,False,True,2025-09
1nf64u1,2025-09-12 15:23:38+00:00,SustainableFashion,Is my body meant for fast fashion?,AbleGuava6260,67,39,,False,True,2025-09
1nefs0i,2025-09-11 17:59:13+00:00,SustainableFashion,The number of ads/spam/AI garbage in this sub in the past week,mezasu123,58,8,Seeking advice ,False,True,2025-09
1o16n1c,2025-10-08 10:21:34+00:00,fashion,black or white?,19statics,2182,551,Advice Wanted Please! ,False,False,2025-10
1nyl91h,2025-10-05 11:01:02+00:00,fashion,Got mocked all night for my outfit - is this too much ?,Estelle_San,2118,634,Feedback Wanted! ,False,False,2025-10
1o0sb5c,2025-10-07 21:45:43+00:00,sneakers,Burlington Find,DeeSHOOKs,2038,141, ,False,False,2025-10
1nvgejz,2025-10-01 18:32:42+00:00,fashion,Some Italian vacation fits,Username0001010,2019,236,👔👗Fashion Show 👗 👔,False,False,2025-10
1ny8x0x,2025-10-04 23:30:44+00:00,fashion,Hosted a party,olchai_mp3,1923,89,Special Occasion Outfit,False,False,2025-10
1nxztsv,2025-10-04 17:21:04+00:00,fashion,Italian fits pt.2,Username0001010,1580,89,👔👗Fashion Show 👗 👔,False,False,2025-10
1nzic8m,2025-10-06 12:58:04+00:00,PlusSizeFashion,I posted my thrifted wedding dress a few months ago. Here it is at the wedding!,universal_greasetrap,1544,101,OOTD (size 26),False,False,2025-10
1o1o8ln,2025-10-08 21:41:33+00:00,femalefashionadvice,Is anyone else kinda over “luxury” brands that feel… cheap lately?,Square_Car_9863,1293,178,,False,True,2025-10
1nzbjt0,2025-10-06 06:23:00+00:00,sneakers,Grail acquired. 🔥🙏🏼,WorldlinessNorth2850,1257,70,Collection,False,False,2025-10
1o0zc24,2025-10-08 03:01:16+00:00,malefashionadvice,Unpopular opinion? Polo shirts are bad,South_Wolverine5630,1170,602,Discussion,False,True,2025-10
1o1asa9,2025-10-08 13:39:59+00:00,sneakers,GOAT sold me FAKES,japanesebananacake,1147,393, ,False,False,2025-10
1nzvscw,2025-10-06 21:19:13+00:00,streetwear,One Of My Favorite Outfits,SaladKueen,1133,69,WDYWT,False,False,2025-10
1nvow54,2025-10-02 00:07:05+00:00,sneakers,Everyone finding SB 4’s at Burlington,Biggestturtleever,1076,81, ,False,False,2025-10
1o30iz8,2025-10-10 13:12:06+00:00,sneakers,Taking them out for a test drive,Glittering_Foot7303,1057,208, ,False,False,2025-10
1nwbh19,2025-10-02 18:16:14+00:00,PlusSizeFashion,Went to the Queer Opera,ThatConsideration971,954,37,OOTD (size 20),False,False,2025-10
1o1elag,2025-10-08 16:01:12+00:00,rawdenim,Long Long Guy 1st Fade Update,cwa-ink,825,103,Naked and Famous,False,False,2025-10
1o1ga10,2025-10-08 17:03:00+00:00,PlusSizeFashion,what i wore to work today,here4thefreecake,818,36,OOTD (size 18),False,False,2025-10
1nyang2,2025-10-05 00:54:31+00:00,PlusSizeFashion,Season of the Witch 🖤,leightalks,794,32,Self Promo Saturday,False,False,2025-10
1nwiz6e,2025-10-02 23:05:19+00:00,PlusSizeFashion,OOTD for work!!,dbaanriteo,794,30,OOTD (size 20),False,False,2025-10
1nwdna3,2025-10-02 19:37:39+00:00,streetwear,[WDYWT] I try to make my fit pics more interesting by flying in my pics 🧛🏽‍♀️,annadinh97,726,45,WDYWT,False,False,2025-10
1nvc3df,2025-10-01 15:56:41+00:00,malefashionadvice,Mens fashion 'icks' you just don't agree with.,OK_GO_27,678,680,Discussion,False,True,2025-10
1nvc8vw,2025-10-01 16:02:24+00:00,rawdenim,TCB 50's 20 months,g3tgrip,643,64,FIT PIC,False,False,2025-10
1nzwjt5,2025-10-06 21:48:25+00:00,malefashionadvice,Levis is still really high quality jeans,Chrisgpresents,625,151,Discussion,False,True,2025-10
1nzh201,2025-10-06 12:00:12+00:00,malefashionadvice,How do men in their 40s keep up with the latest fashion trends?,sudhirhere,565,684,Guide,False,True,2025-10
1nzptf4,2025-10-06 17:40:17+00:00,streetwear,lil Nara trip,Twerculesthegreat,533,24,WDYWT,False,False,2025-10
1nw2rcu,2025-10-02 12:44:53+00:00,femalefashionadvice,Why Are Women’s Winter Clothes So Much Thinner Than Men’s?,tkburger,530,122,,False,True,2025-10
1o2drb9,2025-10-09 18:27:11+00:00,streetwear,[WDYWT] basic fit,annadinh97,515,55,WDYWT,False,False,2025-10
1o1s1xy,2025-10-09 00:31:34+00:00,rawdenim,One Month in my selfmade Double Black Double Front Workpants,TeraSera,478,40,DIY,False,False,2025-10
1nxinx4,2025-10-04 02:48:48+00:00,rawdenim,Sugarcane Okinawa for my girlfriend!,Witty-Tip-8835,465,39,FIT PIC,False,False,2025-10
1nwd4hn,2025-10-02 19:17:50+00:00,rawdenim,UES Tricotine 1 year evo,the-infinite-yes,456,42,,False,False,2025-10
1o38lwj,2025-10-10 18:16:56+00:00,streetwear,Something simple,Thaawizard,444,27,WDYWT,False,False,2025-10
1o2pwe1,2025-10-10 03:10:16+00:00,femalefashionadvice,"I am finally happy with my fall capsule wardrobe that is work appropriate but also fun (2 color palettes, 36 items)",smolbibeans,352,37,,False,False,2025-10
1o1ehgh,2025-10-08 15:57:23+00:00,malefashionadvice,What’s one small thing that instantly makes someone look better dressed?,DifficultCucumbers,339,333,Discussion,False,True,2025-10
1nzf9xf,2025-10-06 10:24:27+00:00,femalefashionadvice,"Alternative girls, how has your style evolved as you got older?",Difficult-Camel-5129,331,94,,False,True,2025-10
1o04f49,2025-10-07 03:48:16+00:00,femalefashionadvice,"Have a Plan, and Buy Clothes That Fit!",euphoricwhisper,288,69,,False,True,2025-10
1o0d650,2025-10-07 12:19:39+00:00,frugalmalefashion,J.Crew: Extra 60% Off Sale Items w/ Code BIGSALE (+ Extra 20% Off For Cardholders),JPVMan,253,77,[Deal/Sale],False,True,2025-10
1nys15b,2025-10-05 16:00:13+00:00,frugalmalefashion,The best sneaker deals of the week 🚀,canonshootr504,176,47,[Deal/Sale],False,True,2025-10
1o2ziuj,2025-10-10 12:28:12+00:00,frugalmalefashion,J. Crew Now Up to 70% off 3+,SnowMonster911,173,72,[Deal/Sale],False,False,2025-10
1nz62q7,2025-10-06 01:30:30+00:00,frugalmalefashion,Uniqlo Selvedge Denim $50 + free to ship to store ($99 free shipping direct),bl1ndside,151,95,[Deal/Sale],False,True,2025-10
1nvddz6,2025-10-01 16:44:33+00:00,frugalmalefashion,Abercrombie: Extra 40% Off Clearance,BrokerBrody,116,34,[Deal/Sale],False,False,2025-10
1nwv92i,2025-10-03 10:20:10+00:00,SustainableFashion,Design student exploring sustainable hand fans - seeking feedback,Low-Apartment8154,61,31,,False,False,2025-10
